,precision,recall,f1-score,support
negative,0.6794871794871795,0.9217391304347826,0.7822878228782287,115.0
neutral,0.7857142857142857,0.21568627450980393,0.3384615384615385,51.0
positive,0.7291666666666666,0.6730769230769231,0.7,52.0
accuracy,0.6972477064220184,0.6972477064220184,0.6972477064220184,0.6972477064220184
macro avg,0.7314560439560439,0.6035007760071699,0.6069164537799224,218.0
weighted avg,0.7161886278858756,0.6972477064220184,0.6588286151033705,218.0
